-- Adminer 4.8.1 MySQL 8.0.31 dump

INSERT INTO `category` (`id`, `description`, `title`, `url_image`) VALUES
(1,	'Una tracción 4x4 proporciona potencia y torque a las cuatro ruedas del vehículo. En términos generales, una camioneta 4x4 tiene un chasis más robusto con neumáticos más grandes y más distancia al suelo que una 4x2',	'4x4',	'https://acroadtrip.blob.core.windows.net/catalogo-imagenes/l/RT_V_982d0e8bc3c54963b4810b04e39a9454.jpg'),
(2,	'Sedán​ es un tipo de carrocería típica de un automóvil. Es un tres volúmenes en el que la tapa del maletero no incluye el vidrio trasero, por lo que está fijo y el maletero está separado de la cabina. La cantidad de puertas es casi siempre 2 o 4',	'Sedan',	'https://www.carroya.com/noticias/sites/default/files/styles/noticias_relacionadas_amp/public/entradillas/421015795volkswagenjetta2019-carroya.jpg?itok=7I3NzhQt'),
(3,	'Los coches subcompactos son aquellos que tienen una longitud de entre 4 y 4,20 metros, siendo más pequeños que los compactos. Por lo general, son coches bastante ágiles y fáciles de conducir en el tráfico urbano, su principal hábitat.',	'Subcompacto',	'https://acroadtrip.blob.core.windows.net/catalogo-imagenes/xl/RT_V_2103cf5ea8894b65a193bfddd1bca03f.jpg'),
(4,	'Un deportivo es, por lo general, un coche pequeño y bajo para dos pasajeros que ofrece una respuesta rápida, puede circular a altas velocidades y está diseñado para ser conducido en la vía pública',	'Deportivo',	'https://www.pruebaderuta.com/wp-content/uploads/2016/03/corvette-encabezado.jpg');

INSERT INTO `city` (`id`, `city`, `country`, `province`) VALUES
(1,	'Buenos Aires',	'Argentina',	'Buenos Aires'),
(2,	'Córdoba',	'Argentina',	'Córdoba'),
(3,	'Rosario',	'Argentina',	'Santa Fe'),
(4,	'Neuquén',	'Argentina',	'Neuquén');

INSERT INTO `feature` (`id`, `type`, `value`) VALUES
(1,	'doors',	'3 puertas'),
(2,	'doors',	'5 puertas'),
(3,	'doors',	'2 puertas'),
(4,	'airConditioner',	'Si'),
(5,	'airConditioner',	'No'),
(6,	'numPassengers',	'2'),
(7,	'numPassengers',	'5'),
(8,	'transmission',	'Automatica'),
(9,	'transmission',	'Manual'),
(10,	'gps',	'Si'),
(11,	'gps',	'No'),
(12,	'autonomy',	'20KM'),
(13,	'autonomy',	'200KM'),
(14,	'autonomy',	'400KM'),
(15,	'motorType',	'Naftero'),
(16,	'motorType',	'Gasolero'),
(17,	'motorType',	'Gas'),
(18,	'model',	'2018'),
(19,	'model',	'2019'),
(20,	'model',	'2020'),
(21,	'model',	'2021'),
(22,	'model',	'2022');

INSERT INTO `product` (`id`, `availability`, `description`, `latitude`, `length`, `politics`, `price`, `title`, `category_id`, `city_id`) VALUES
(1,	'Disponible',	'Las letras GT hacen referencia a Gran Turismo. Es un coche que cuenta con bastante potencia y que está diseñado para realizar desplazamientos de larga distancia. Pero a su vez cuenta con prestaciones deportivas y las comodidades de un sedán',	299,	399,	'Aplique términos y condiciones',	100,	'BMW 3 Series Gran Turismo',	4,	4),
(2,	'Disponible',	'El Ford Focus es un compacto de cinco puertas, del segmento C. El Ford Focus destaca por ofrecer un buen compromiso en cuanto a relación calidad-precio.',	299,	399,	'Aplique términos y condiciones',	20,	'Ford Focus',	3,	2),
(3,	'Disponible',	'El Mercedes-Benz Clase A es un automóvil premium del segmento C producido por el fabricante alemán Mercedes-Benz desde el año 1997. Cuenta con tracción delantera, y todos sus motores son de cuatro cilindros en línea.',	129,	799,	'Aplique términos y condiciones',	560,	'Mercedes-Benz Clase A 4',	3,	2),
(4,	'Disponible',	'El Volkswagen Tiguan es un automóvil todoterreno del segmento C de cinco plazas. Tiene carrocería de cinco puertas y motor delantero transversal, disponible con tracción delantera o tracción a las cuatro ruedas conectable automáticamente 4motion.',	9,	99,	'Aplique términos y condiciones',	420,	'Volkswagen Tiguan',	1,	4),
(5,	'Disponible',	'El Mercedes-Benz SL500 es un automóvil premium producido por el fabricante alemán Mercedes-Benz desde el año 1954. Cuenta con tracción delantera, y todos sus motores son de cuatro cilindros en línea.',	9,	99,	'Aplique términos y condiciones',	420,	'Mercedes-Benz SL500',	1,	4),
(6,	'Disponible',	'Gracias a su aspecto dinámico y al mismo tiempo elegante, cumple de manera convincente con las expectativas que se ponen hoy en día en un vehículo de su clase: atletismo estético y placer de conducción con tecnología vanguardista.',	239,	499,	'Aplique términos y condiciones',	230,	'BMW Serie 5 Sedan',	2,	4),
(7,	'Disponible',	'Gracias a su aspecto dinámico y al mismo tiempo elegante, cumple de manera convincente con las expectativas que se ponen hoy en día en un vehículo de su clase: atletismo estético y placer de conducción con tecnología vanguardista.',	239,	499,	'Aplique términos y condiciones',	2230,	'Range Rover',	1,	3);

INSERT INTO `product_feature` (`product_id`, `feature_id`) VALUES
(1,	1),
(2,	2),
(3,	2),
(4,	2),
(5,	3),
(6,	3),
(1,	4),
(2,	4),
(3,	4),
(5,	4),
(6,	4),
(7,	4),
(4,	5),
(7,	5),
(1,	6),
(5,	6),
(6,	6),
(2,	7),
(3,	7),
(4,	7),
(7,	7),
(1,	8),
(3,	8),
(7,	8),
(2,	9),
(4,	9),
(5,	9),
(6,	9),
(1,	10),
(2,	10),
(3,	10),
(7,	10),
(4,	11),
(5,	11),
(6,	11),
(3,	13),
(7,	13),
(1,	14),
(2,	14),
(4,	14),
(5,	14),
(6,	14),
(1,	15),
(2,	15),
(4,	15),
(5,	15),
(6,	15),
(7,	15),
(3,	16),
(6,	18),
(3,	19),
(2,	20),
(5,	20),
(1,	21),
(4,	22),
(7,	22);

INSERT INTO `image` (`id`, `title`, `url_image`, `product_id`) VALUES
(1,	'BMW 3 Series Gran Turismo 2',	'https://noticias.coches.com/wp-content/uploads/2016/07/BMW-Serie-3-GT-M-Sport-2016-17.jpg',	1),
(2,	'BMW 3 Series Gran Turismo 4',	'https://img.remediosdigitales.com/633d27/presentacion-clasea-02/450_1000.jpg',	1),
(3,	'BMW 3 Series Gran Turismo 1',	'https://noticias.coches.com/wp-content/uploads/2016/07/BMW-Serie-3-GT-M-Sport-2016-16.jpg',	1),
(4,	'BMW 3 Series Gran Turismo 3',	'https://noticias.coches.com/wp-content/uploads/2016/07/BMW-Serie-3-GT-M-Sport-2016-11.jpg',	1),
(5,	'BMW 3 Series Gran Turismo 5',	'https://noticias.coches.com/wp-content/uploads/2016/07/BMW-Serie-3-GT-M-Sport-2016-20.jpg',	1),
(6,	'Ford Focus 4',	'https://img-ar-2.trovit.com/1y1pQ_Qe1S/1y1pQ_Qe1S.1_11.jpg',	2),
(7,	'Ford Focus 2',	'https://autosbalears.com/wp-content/uploads/2017/02/IMAGEN-FOCUS.jpg',	2),
(8,	'Ford Focus 5',	'https://noticias.coches.com/wp-content/uploads/2016/07/BMW-Serie-3-GT-M-Sport-2016-20.jpg',	2),
(9,	'Ford Focus 1',	'https://www.fordpussetto.com.ar/public/images/vehiculos/colores/focus-negro-perlado.jpg',	2),
(10,	'Ford Focus 3',	'https://http2.mlstatic.com/D_NQ_NP_935349-MLA52253604383_112022-W.jpg',	2),
(11,	'Mercedes-Benz Clase A 4',	'https://img.remediosdigitales.com/633d27/presentacion-clasea-02/450_1000.jpg',	3),
(12,	'Mercedes-Benz Clase A 2',	'https://cdn.autobild.es/sites/navi.axelspringer.es/public/styles/480/public/media/image/2018/07/mercedes-c63-amg-sedan-2018_2.jpg?itok=lwlY1nx3',	3),
(13,	'Mercedes-Benz Clase A 3',	'https://www.autopista.es/uploads/s1/57/18/67/3/article-mercedes-clase-c-coupe-amg-2015-opiniones-56446beb3f68b.jpeg',	3),
(14,	'Mercedes-Benz Clase A 1',	'https://images.pexels.com/photos/810357/pexels-photo-810357.jpeg',	3),
(15,	'Mercedes-Benz Clase A 5',	'https://encrypted-tbn0.gstatic.com/images?q=tbn:ANd9GcQTNmN50XDQK-wUejbo0kjiNUgzpB7qoMJMOg1wPSAwm-zpQdcL4KNFiQiDUx76qaEQnmI&usqp=CAU',	3),
(16,	'Volkswagen Tiguan 2',	'https://hips.hearstapps.com/hmg-prod.s3.amazonaws.com/images/2022-volkswagen-tiguan-1-1631145308.jpg',	4),
(17,	'Volkswagen Tiguan 3',	'https://hips.hearstapps.com/hmg-prod.s3.amazonaws.com/images/2022-volkswagen-tiguan-5-1631145306.jpg',	4),
(18,	'Volkswagen Tiguan 4',	'https://hips.hearstapps.com/hmg-prod.s3.amazonaws.com/images/2022-volkswagen-tiguan-17-1631145348.jpg',	4),
(19,	'Volkswagen Tiguan 5',	'https://hips.hearstapps.com/hmg-prod.s3.amazonaws.com/images/2022-volkswagen-tiguan-6-1631145330.jpg',	4),
(20,	'Volkswagen Tiguan 1',	'https://images.pexels.com/photos/14038635/pexels-photo-14038635.jpeg?auto=compress&cs=tinysrgb&w=1260&h=750&dpr=2',	4),
(21,	'Mercedes-Benz SL500 3',	'https://p4.wallpaperbetter.com/wallpaper/424/961/298/benz-mercedes-sl500-wallpaper-preview.jpg',	5),
(22,	'Mercedes-Benz SL500 4',	'https://p4.wallpaperbetter.com/wallpaper/851/939/597/2013-mercedes-benz-sl500-wallpaper-preview.jpg',	5),
(23,	'Mercedes-Benz SL500 5',	'https://p4.wallpaperbetter.com/wallpaper/480/802/508/2005-08-500-benz-convertible-wallpaper-preview.jpg',	5),
(24,	'Mercedes-Benz SL500 2',	'https://p4.wallpaperbetter.com/wallpaper/305/583/704/mercedes-benz-sl500-blue-mercedes-benz-coupe-wallpaper-preview.jpg',	5),
(25,	'Mercedes-Benz SL500 1',	'https://images.pexels.com/photos/205740/pexels-photo-205740.jpeg?auto=compress&cs=tinysrgb&w=1260&h=750&dpr=2',	5),
(26,	'BMW Serie 5 Sedan 1',	'https://images.unsplash.com/photo-1560009341-b0a4cad519bb?ixlib=rb-4.0.3&ixid=MnwxMjA3fDB8MHxwaG90by1wYWdlfHx8fGVufDB8fHx8&auto=format&fit=crop&w=1170&q=80',	6),
(27,	'MBMW Serie 5 Sedan 5',	'https://mediapool.bmwgroup.com/cache/P9/202010/P90404078/P90404078-the-new-bmw-540i-xdrive-sedan-phytonic-blue-metallic-10-2020-600px.jpg',	6),
(28,	'BMW Serie 5 Sedan 4',	'https://www.diariomotor.com/imagenes/picscache/1440x655c/1440_portada_bmw-serie-5-2017-32_1440x655c.jpg',	6),
(29,	'bMW Serie 5 Sedan 3',	'https://w0.peakpx.com/wallpaper/923/93/HD-wallpaper-2021-bmw-5-series-540i-xdrive-m-sport-package-rear-car.jpg',	6),
(30,	'BMW Serie 5 Sedan 2',	'https://encrypted-tbn0.gstatic.com/images?q=tbn:ANd9GcQlnV686Hzq0TduCCEMrtBHrgzEzN1bQwIYIjdBIRbaPAnObEiNQ6Wgdm4BrsWMykxn6Rc&usqp=CAU',	6),
(31,	'Range Rover 3',	'https://i.pinimg.com/originals/ef/94/a3/ef94a34423dfcddb5f772d80d4b6c76c.jpg',	7),
(32,	'Range Rover 1',	'https://images.pexels.com/photos/116675/pexels-photo-116675.jpeg?auto=compress&cs=tinysrgb&w=1260&h=750&dpr=2',	7),
(33,	'Range Rover 2',	'https://noticias.coches.com/wp-content/uploads/2014/07/arden_land-rover-range-rover-ar6-2010_r2.jpg',	7),
(34,	'Range Rover 4',	'https://phantom-marca.unidadeditorial.es/b61c2f0ef2e6e4df2e036cd39cc4dca8/f/webp/assets/multimedia/imagenes/2020/09/24/16009474161982.jpg',	7),
(35,	'Range Rover 5',	'https://acroadtrip.blob.core.windows.net/catalogo-imagenes/xl/RT_V_f4d077972b64495c8f9ac3d4a3e8da31.jpg',	7);


